種類,地区名,取引価格（総額）,坪単価,面積（㎡）,取引価格（㎡単価）,建築年,取引時築年数,西暦築年,取引年
中古マンション等,明石町,35000000.0,3299999.0,35.0,1000000.0,平成16年,11.0,2004.0,2015
中古マンション等,明石町,11000000.0,1815000.0,20.0,550000.0,昭和53年,37.0,1978.0,2015
中古マンション等,入船,21000000.0,3465000.0,20.0,1050000.0,平成15年,12.0,2003.0,2015
中古マンション等,入船,21000000.0,3465000.0,20.0,1050000.0,平成15年,12.0,2003.0,2015
中古マンション等,入船,23000000.0,3795000.0,20.0,1150000.0,平成18年,9.0,2006.0,2015
中古マンション等,入船,19000000.0,3135000.0,20.0,950000.0,平成15年,12.0,2003.0,2015
中古マンション等,入船,19000000.0,3135000.0,20.0,950000.0,平成14年,13.0,2002.0,2015
中古マンション等,入船,64000000.0,3017142.0,70.0,914285.0,平成15年,12.0,2003.0,2015
中古マンション等,入船,15000000.0,1979999.0,25.0,600000.0,平成10年,17.0,1998.0,2015
中古マンション等,入船,20000000.0,3300000.0,20.0,1000000.0,平成12年,15.0,2000.0,2015
中古マンション等,入船,21000000.0,3465000.0,20.0,1050000.0,平成12年,15.0,2000.0,2015
中古マンション等,入船,19000000.0,2507999.0,25.0,760000.0,平成10年,17.0,1998.0,2015
中古マンション等,入船,22000000.0,3630000.0,20.0,1100000.0,平成12年,15.0,2000.0,2015
中古マンション等,入船,47000000.0,3446666.0,45.0,1044444.0,平成22年,5.0,2010.0,2015
中古マンション等,入船,46000000.0,3373333.0,45.0,1022222.0,平成22年,5.0,2010.0,2015
中古マンション等,入船,27000000.0,4455000.0,20.0,1350000.0,平成12年,15.0,2000.0,2015
中古マンション等,入船,20000000.0,4399999.0,15.0,1333333.0,平成12年,15.0,2000.0,2015
中古マンション等,勝どき,65000000.0,2859999.0,75.0,866666.0,平成20年,7.0,2008.0,2015
中古マンション等,勝どき,51000000.0,2804999.0,60.0,850000.0,平成19年,8.0,2007.0,2015
中古マンション等,勝どき,16000000.0,3519999.0,15.0,1066666.0,昭和50年,40.0,1975.0,2015
中古マンション等,勝どき,21000000.0,4619999.0,15.0,1400000.0,昭和50年,40.0,1975.0,2015
中古マンション等,勝どき,53000000.0,2690769.0,65.0,815384.0,平成17年,10.0,2005.0,2015
中古マンション等,勝どき,30000000.0,2828571.0,35.0,857142.0,昭和50年,40.0,1975.0,2015
中古マンション等,勝どき,34000000.0,2805000.0,40.0,850000.0,平成21年,6.0,2009.0,2015
中古マンション等,勝どき,66000000.0,2903999.0,75.0,880000.0,平成20年,7.0,2008.0,2015
中古マンション等,勝どき,6200000.0,1363999.0,15.0,413333.0,昭和50年,40.0,1975.0,2015
中古マンション等,勝どき,24000000.0,2262857.0,35.0,685714.0,昭和48年,42.0,1973.0,2015
中古マンション等,勝どき,170000000.0,5099999.0,110.0,1545454.0,平成20年,7.0,2008.0,2015
中古マンション等,勝どき,16000000.0,2640000.0,20.0,800000.0,平成14年,13.0,2002.0,2015
中古マンション等,勝どき,15000000.0,2475000.0,20.0,750000.0,平成14年,13.0,2002.0,2015
中古マンション等,勝どき,22000000.0,3630000.0,20.0,1100000.0,平成14年,13.0,2002.0,2015
中古マンション等,勝どき,83000000.0,3423750.0,80.0,1037500.0,平成22年,5.0,2010.0,2015
中古マンション等,勝どき,54000000.0,2741538.0,65.0,830769.0,平成19年,8.0,2007.0,2015
中古マンション等,勝どき,39000000.0,2573999.0,50.0,780000.0,昭和59年,31.0,1984.0,2015
中古マンション等,勝どき,69000000.0,3503076.0,65.0,1061538.0,平成26年,1.0,2014.0,2015
中古マンション等,勝どき,37000000.0,3052500.0,40.0,925000.0,平成24年,3.0,2012.0,2015
中古マンション等,勝どき,40000000.0,2399999.0,55.0,727272.0,平成15年,12.0,2003.0,2015
中古マンション等,勝どき,65000000.0,2859999.0,75.0,866666.0,平成20年,7.0,2008.0,2015
中古マンション等,勝どき,28000000.0,2053333.0,45.0,622222.0,平成14年,13.0,2002.0,2015
中古マンション等,勝どき,59000000.0,2781428.0,70.0,842857.0,平成19年,8.0,2007.0,2015
中古マンション等,勝どき,57000000.0,3761999.0,50.0,1140000.0,平成22年,5.0,2010.0,2015
中古マンション等,勝どき,34000000.0,2805000.0,40.0,850000.0,昭和55年,35.0,1980.0,2015
中古マンション等,勝どき,74000000.0,3052500.0,80.0,925000.0,平成20年,7.0,2008.0,2015
中古マンション等,勝どき,16000000.0,2640000.0,20.0,800000.0,平成14年,13.0,2002.0,2015
中古マンション等,勝どき,65000000.0,2859999.0,75.0,866666.0,平成19年,8.0,2007.0,2015
中古マンション等,勝どき,100000000.0,2749999.0,120.0,833333.0,平成12年,15.0,2000.0,2015
中古マンション等,勝どき,25000000.0,2357142.0,35.0,714285.0,昭和48年,42.0,1973.0,2015
中古マンション等,勝どき,40000000.0,2639999.0,50.0,800000.0,平成11年,16.0,1999.0,2015
中古マンション等,勝どき,9500000.0,2089999.0,15.0,633333.0,昭和50年,40.0,1975.0,2015
中古マンション等,勝どき,21000000.0,3465000.0,20.0,1050000.0,平成15年,12.0,2003.0,2015
中古マンション等,勝どき,35000000.0,2887500.0,40.0,875000.0,平成12年,15.0,2000.0,2015
中古マンション等,勝どき,43000000.0,2579999.0,55.0,781818.0,平成12年,15.0,2000.0,2015
中古マンション等,勝どき,60000000.0,3299999.0,60.0,1000000.0,平成26年,1.0,2014.0,2015
中古マンション等,勝どき,16000000.0,2640000.0,20.0,800000.0,平成14年,13.0,2002.0,2015
中古マンション等,勝どき,21000000.0,1732500.0,40.0,525000.0,昭和55年,35.0,1980.0,2015
中古マンション等,勝どき,89000000.0,3263333.0,90.0,988888.0,平成20年,7.0,2008.0,2015
中古マンション等,勝どき,12000000.0,2639999.0,15.0,800000.0,昭和49年,41.0,1974.0,2015
中古マンション等,勝どき,13000000.0,953333.0,45.0,288888.0,昭和55年,35.0,1980.0,2015
中古マンション等,勝どき,49000000.0,2694999.0,60.0,816666.0,平成12年,15.0,2000.0,2015
中古マンション等,勝どき,78000000.0,2859999.0,90.0,866666.0,平成20年,7.0,2008.0,2015
中古マンション等,勝どき,81000000.0,3341250.0,80.0,1012500.0,平成20年,7.0,2008.0,2015
中古マンション等,勝どき,83000000.0,3423750.0,80.0,1037500.0,平成20年,7.0,2008.0,2015
中古マンション等,勝どき,33000000.0,2722500.0,40.0,825000.0,平成21年,6.0,2009.0,2015
中古マンション等,勝どき,56000000.0,2843076.0,65.0,861538.0,平成20年,7.0,2008.0,2015
中古マンション等,勝どき,35000000.0,2887500.0,40.0,875000.0,平成19年,8.0,2007.0,2015
中古マンション等,京橋,24000000.0,3960000.0,20.0,1200000.0,平成16年,11.0,2004.0,2015
中古マンション等,銀座,26000000.0,4290000.0,20.0,1300000.0,平成15年,12.0,2003.0,2015
中古マンション等,銀座,20000000.0,3300000.0,20.0,1000000.0,平成15年,12.0,2003.0,2015
中古マンション等,銀座,24000000.0,3960000.0,20.0,1200000.0,平成15年,12.0,2003.0,2015
中古マンション等,銀座,12000000.0,2639999.0,15.0,800000.0,昭和56年,34.0,1981.0,2015
中古マンション等,銀座,31000000.0,5115000.0,20.0,1550000.0,平成19年,8.0,2007.0,2015
中古マンション等,銀座,32000000.0,4223999.0,25.0,1280000.0,平成19年,8.0,2007.0,2015
中古マンション等,銀座,45000000.0,4242857.0,35.0,1285714.0,平成19年,8.0,2007.0,2015
中古マンション等,銀座,30000000.0,4950000.0,20.0,1500000.0,平成19年,8.0,2007.0,2015
中古マンション等,銀座,33000000.0,2722500.0,40.0,825000.0,平成16年,11.0,2004.0,2015
中古マンション等,銀座,30000000.0,3299999.0,30.0,1000000.0,平成11年,16.0,1999.0,2015
中古マンション等,銀座,63000000.0,3779999.0,55.0,1145454.0,平成15年,12.0,2003.0,2015
中古マンション等,銀座,24000000.0,3960000.0,20.0,1200000.0,平成15年,12.0,2003.0,2015
中古マンション等,銀座,31000000.0,3409999.0,30.0,1033333.0,平成15年,12.0,2003.0,2015
中古マンション等,銀座,24000000.0,3960000.0,20.0,1200000.0,平成15年,12.0,2003.0,2015
中古マンション等,銀座,17000000.0,2805000.0,20.0,850000.0,平成15年,12.0,2003.0,2015
中古マンション等,銀座,23000000.0,3795000.0,20.0,1150000.0,平成17年,10.0,2005.0,2015
中古マンション等,銀座,16000000.0,2640000.0,20.0,800000.0,平成15年,12.0,2003.0,2015
中古マンション等,新川,4500000.0,989999.0,15.0,300000.0,昭和49年,41.0,1974.0,2015
中古マンション等,新川,19000000.0,3135000.0,20.0,950000.0,平成13年,14.0,2001.0,2015
中古マンション等,新川,14000000.0,1847999.0,25.0,560000.0,平成11年,16.0,1999.0,2015
中古マンション等,新川,13000000.0,2145000.0,20.0,650000.0,昭和49年,41.0,1974.0,2015
中古マンション等,新川,7300000.0,1605999.0,15.0,486666.0,昭和49年,41.0,1974.0,2015
中古マンション等,新川,10000000.0,2199999.0,15.0,666666.0,昭和49年,41.0,1974.0,2015
中古マンション等,新川,18000000.0,2970000.0,20.0,900000.0,平成11年,16.0,1999.0,2015
中古マンション等,新川,8300000.0,1369500.0,20.0,415000.0,昭和52年,38.0,1977.0,2015
中古マンション等,新川,8400000.0,1847999.0,15.0,560000.0,昭和52年,38.0,1977.0,2015
中古マンション等,新川,18000000.0,2970000.0,20.0,900000.0,平成11年,16.0,1999.0,2015
中古マンション等,新川,54000000.0,2375999.0,75.0,720000.0,平成9年,18.0,1997.0,2015
中古マンション等,新川,68000000.0,3452307.0,65.0,1046153.0,平成15年,12.0,2003.0,2015
中古マンション等,新川,9900000.0,2177999.0,15.0,660000.0,昭和49年,41.0,1974.0,2015
中古マンション等,新川,6600000.0,1451999.0,15.0,440000.0,昭和49年,41.0,1974.0,2015
中古マンション等,新川,58000000.0,2944615.0,65.0,892307.0,平成10年,17.0,1998.0,2015
中古マンション等,新川,16000000.0,2640000.0,20.0,800000.0,平成11年,16.0,1999.0,2015
中古マンション等,新川,96000000.0,3167999.0,100.0,960000.0,平成23年,4.0,2011.0,2015
中古マンション等,新川,13000000.0,2145000.0,20.0,650000.0,平成11年,16.0,1999.0,2015
中古マンション等,新川,8500000.0,1869999.0,15.0,566666.0,昭和49年,41.0,1974.0,2015
中古マンション等,新川,23000000.0,3795000.0,20.0,1150000.0,平成13年,14.0,2001.0,2015
中古マンション等,新川,19000000.0,4179999.0,15.0,1266666.0,平成16年,11.0,2004.0,2015
中古マンション等,新川,57000000.0,2687142.0,70.0,814285.0,平成16年,11.0,2004.0,2015
中古マンション等,新川,42000000.0,2519999.0,55.0,763636.0,平成16年,11.0,2004.0,2015
中古マンション等,新川,7300000.0,2409000.0,10.0,730000.0,昭和49年,41.0,1974.0,2015
中古マンション等,新川,37000000.0,3052500.0,40.0,925000.0,平成17年,10.0,2005.0,2015
中古マンション等,新川,35000000.0,2887500.0,40.0,875000.0,平成23年,4.0,2011.0,2015
中古マンション等,新川,35000000.0,2887500.0,40.0,875000.0,平成17年,10.0,2005.0,2015
中古マンション等,新川,19000000.0,3135000.0,20.0,950000.0,平成13年,14.0,2001.0,2015
中古マンション等,新川,36000000.0,2159999.0,55.0,654545.0,平成9年,18.0,1997.0,2015
中古マンション等,新川,19000000.0,2507999.0,25.0,760000.0,平成14年,13.0,2002.0,2015
中古マンション等,新川,21000000.0,3465000.0,20.0,1050000.0,平成14年,13.0,2002.0,2015
中古マンション等,新川,26000000.0,3431999.0,25.0,1040000.0,平成24年,3.0,2012.0,2015
中古マンション等,新川,52000000.0,2639999.0,65.0,800000.0,平成16年,11.0,2004.0,2015
中古マンション等,新川,34000000.0,2805000.0,40.0,850000.0,平成17年,10.0,2005.0,2015
中古マンション等,新川,21000000.0,3465000.0,20.0,1050000.0,平成14年,13.0,2002.0,2015
中古マンション等,新川,52000000.0,3119999.0,55.0,945454.0,平成23年,4.0,2011.0,2015
中古マンション等,新川,23000000.0,2529999.0,30.0,766666.0,昭和56年,34.0,1981.0,2015
中古マンション等,新川,37000000.0,2219999.0,55.0,672727.0,平成9年,18.0,1997.0,2015
中古マンション等,新川,25000000.0,1649999.0,50.0,500000.0,平成13年,14.0,2001.0,2015
中古マンション等,新川,21000000.0,3465000.0,20.0,1050000.0,平成16年,11.0,2004.0,2015
中古マンション等,新川,17000000.0,2805000.0,20.0,850000.0,平成16年,11.0,2004.0,2015
中古マンション等,新川,60000000.0,2639999.0,75.0,800000.0,平成16年,11.0,2004.0,2015
中古マンション等,新富,22000000.0,1613333.0,45.0,488888.0,昭和54年,36.0,1979.0,2015
中古マンション等,新富,35000000.0,3299999.0,35.0,1000000.0,平成11年,16.0,1999.0,2015
中古マンション等,新富,28000000.0,3695999.0,25.0,1120000.0,平成11年,16.0,1999.0,2015
中古マンション等,新富,22000000.0,2074285.0,35.0,628571.0,昭和54年,36.0,1979.0,2015
中古マンション等,新富,16000000.0,1508571.0,35.0,457142.0,昭和54年,36.0,1979.0,2015
中古マンション等,新富,41000000.0,2459999.0,55.0,745454.0,平成11年,16.0,1999.0,2015
中古マンション等,新富,57000000.0,3761999.0,50.0,1140000.0,平成23年,4.0,2011.0,2015
中古マンション等,新富,57000000.0,3419999.0,55.0,1036363.0,平成25年,2.0,2013.0,2015
中古マンション等,築地,14000000.0,1155000.0,40.0,350000.0,昭和46年,44.0,1971.0,2015
中古マンション等,築地,23000000.0,1897500.0,40.0,575000.0,昭和46年,44.0,1971.0,2015
中古マンション等,築地,26000000.0,4290000.0,20.0,1300000.0,平成17年,10.0,2005.0,2015
中古マンション等,築地,21000000.0,4619999.0,15.0,1400000.0,平成12年,15.0,2000.0,2015
中古マンション等,築地,22000000.0,4839999.0,15.0,1466666.0,平成12年,15.0,2000.0,2015
中古マンション等,築地,58000000.0,3827999.0,50.0,1160000.0,平成24年,3.0,2012.0,2015
中古マンション等,築地,16000000.0,2640000.0,20.0,800000.0,平成12年,15.0,2000.0,2015
中古マンション等,築地,52000000.0,3431999.0,50.0,1040000.0,平成24年,3.0,2012.0,2015
中古マンション等,築地,27000000.0,2227500.0,40.0,675000.0,昭和46年,44.0,1971.0,2015
中古マンション等,築地,12000000.0,1131428.0,35.0,342857.0,昭和46年,44.0,1971.0,2015
中古マンション等,築地,41000000.0,3865714.0,35.0,1171428.0,平成22年,5.0,2010.0,2015
中古マンション等,築地,20000000.0,3300000.0,20.0,1000000.0,平成11年,16.0,1999.0,2015
中古マンション等,築地,72000000.0,3394285.0,70.0,1028571.0,平成11年,16.0,1999.0,2015
中古マンション等,築地,19000000.0,3135000.0,20.0,950000.0,平成10年,17.0,1998.0,2015
中古マンション等,築地,14000000.0,3079999.0,15.0,933333.0,平成5年,22.0,1993.0,2015
中古マンション等,築地,19000000.0,3135000.0,20.0,950000.0,平成14年,13.0,2002.0,2015
中古マンション等,築地,35000000.0,2309999.0,50.0,700000.0,昭和55年,35.0,1980.0,2015
中古マンション等,築地,23000000.0,3795000.0,20.0,1150000.0,平成17年,10.0,2005.0,2015
中古マンション等,築地,24000000.0,2262857.0,35.0,685714.0,昭和55年,35.0,1980.0,2015
中古マンション等,築地,55000000.0,2592857.0,70.0,785714.0,平成11年,16.0,1999.0,2015
中古マンション等,築地,57000000.0,3134999.0,60.0,950000.0,平成16年,11.0,2004.0,2015
中古マンション等,築地,21000000.0,3465000.0,20.0,1050000.0,平成11年,16.0,1999.0,2015
中古マンション等,築地,17000000.0,2243999.0,25.0,680000.0,昭和55年,35.0,1980.0,2015
中古マンション等,築地,67000000.0,2763750.0,80.0,837500.0,平成12年,15.0,2000.0,2015
中古マンション等,築地,23000000.0,3795000.0,20.0,1150000.0,平成17年,10.0,2005.0,2015
中古マンション等,築地,22000000.0,3630000.0,20.0,1100000.0,平成17年,10.0,2005.0,2015
中古マンション等,築地,42000000.0,2519999.0,55.0,763636.0,平成24年,3.0,2012.0,2015
中古マンション等,築地,50000000.0,3299999.0,50.0,1000000.0,平成24年,3.0,2012.0,2015
中古マンション等,築地,14000000.0,2310000.0,20.0,700000.0,昭和57年,33.0,1982.0,2015
中古マンション等,築地,19000000.0,3135000.0,20.0,950000.0,平成15年,12.0,2003.0,2015
中古マンション等,築地,21000000.0,3465000.0,20.0,1050000.0,平成16年,11.0,2004.0,2015
中古マンション等,築地,55000000.0,4537500.0,40.0,1375000.0,平成26年,1.0,2014.0,2015
中古マンション等,築地,9700000.0,2133999.0,15.0,646666.0,昭和54年,36.0,1979.0,2015
中古マンション等,築地,27000000.0,1272857.0,70.0,385714.0,昭和56年,34.0,1981.0,2015
中古マンション等,築地,21000000.0,3465000.0,20.0,1050000.0,平成16年,11.0,2004.0,2015
中古マンション等,築地,26000000.0,2451428.0,35.0,742857.0,昭和54年,36.0,1979.0,2015
中古マンション等,月島,46000000.0,3035999.0,50.0,920000.0,平成26年,1.0,2014.0,2015
中古マンション等,月島,23000000.0,3035999.0,25.0,920000.0,平成16年,11.0,2004.0,2015
中古マンション等,月島,12000000.0,1583999.0,25.0,480000.0,昭和49年,41.0,1974.0,2015
中古マンション等,月島,8000000.0,1759999.0,15.0,533333.0,昭和49年,41.0,1974.0,2015
中古マンション等,月島,17000000.0,3739999.0,15.0,1133333.0,平成8年,19.0,1996.0,2015
中古マンション等,月島,21000000.0,3465000.0,20.0,1050000.0,平成16年,11.0,2004.0,2015
中古マンション等,月島,21000000.0,1539999.0,45.0,466666.0,昭和46年,44.0,1971.0,2015
中古マンション等,月島,40000000.0,2030769.0,65.0,615384.0,平成8年,19.0,1996.0,2015
中古マンション等,月島,17000000.0,2243999.0,25.0,680000.0,昭和49年,41.0,1974.0,2015
中古マンション等,月島,60000000.0,2828571.0,70.0,857142.0,平成13年,14.0,2001.0,2015
中古マンション等,月島,39000000.0,3217500.0,40.0,975000.0,平成27年,0.0,2015.0,2015
中古マンション等,月島,54000000.0,2969999.0,60.0,900000.0,平成17年,10.0,2005.0,2015
中古マンション等,月島,65000000.0,2859999.0,75.0,866666.0,平成15年,12.0,2003.0,2015
中古マンション等,月島,92000000.0,4047999.0,75.0,1226666.0,平成27年,0.0,2015.0,2015
中古マンション等,月島,60000000.0,2828571.0,70.0,857142.0,平成15年,12.0,2003.0,2015
中古マンション等,月島,22000000.0,3630000.0,20.0,1100000.0,平成14年,13.0,2002.0,2015
中古マンション等,月島,50000000.0,2999999.0,55.0,909090.0,昭和59年,31.0,1984.0,2015
中古マンション等,月島,67000000.0,3158571.0,70.0,957142.0,平成15年,12.0,2003.0,2015
中古マンション等,月島,49000000.0,4042500.0,40.0,1225000.0,平成27年,0.0,2015.0,2015
中古マンション等,月島,53000000.0,3179999.0,55.0,963636.0,平成24年,3.0,2012.0,2015
中古マンション等,月島,86000000.0,2987368.0,95.0,905263.0,平成15年,12.0,2003.0,2015
中古マンション等,月島,81000000.0,3818571.0,70.0,1157142.0,平成25年,2.0,2013.0,2015
中古マンション等,月島,53000000.0,3886666.0,45.0,1177777.0,平成25年,2.0,2013.0,2015
中古マンション等,月島,16000000.0,3519999.0,15.0,1066666.0,平成8年,19.0,1996.0,2015
中古マンション等,月島,16000000.0,3519999.0,15.0,1066666.0,平成8年,19.0,1996.0,2015
中古マンション等,月島,130000000.0,3431999.0,125.0,1040000.0,平成15年,12.0,2003.0,2015
中古マンション等,月島,44000000.0,2903999.0,50.0,880000.0,平成9年,18.0,1997.0,2015
中古マンション等,月島,60000000.0,3299999.0,60.0,1000000.0,平成25年,2.0,2013.0,2015
中古マンション等,月島,29000000.0,3827999.0,25.0,1160000.0,平成26年,1.0,2014.0,2015
中古マンション等,月島,24000000.0,3960000.0,20.0,1200000.0,平成14年,13.0,2002.0,2015
中古マンション等,月島,23000000.0,3795000.0,20.0,1150000.0,平成14年,13.0,2002.0,2015
中古マンション等,月島,60000000.0,3959999.0,50.0,1200000.0,平成25年,2.0,2013.0,2015
中古マンション等,月島,110000000.0,4839999.0,75.0,1466666.0,平成27年,0.0,2015.0,2015
中古マンション等,月島,40000000.0,2399999.0,55.0,727272.0,平成15年,12.0,2003.0,2015
中古マンション等,月島,60000000.0,2828571.0,70.0,857142.0,平成15年,12.0,2003.0,2015
中古マンション等,月島,18000000.0,2970000.0,20.0,900000.0,平成15年,12.0,2003.0,2015
中古マンション等,月島,56000000.0,3079999.0,60.0,933333.0,平成13年,14.0,2001.0,2015
中古マンション等,月島,44000000.0,3630000.0,40.0,1100000.0,平成25年,2.0,2013.0,2015
中古マンション等,月島,74000000.0,1808888.0,135.0,548148.0,平成2年,25.0,1990.0,2015
中古マンション等,月島,40000000.0,2199999.0,60.0,666666.0,平成10年,17.0,1998.0,2015
中古マンション等,月島,18000000.0,2970000.0,20.0,900000.0,平成14年,13.0,2002.0,2015
中古マンション等,月島,60000000.0,3299999.0,60.0,1000000.0,平成14年,13.0,2002.0,2015
中古マンション等,月島,42000000.0,3465000.0,40.0,1050000.0,平成25年,2.0,2013.0,2015
中古マンション等,佃,84000000.0,3695999.0,75.0,1120000.0,平成14年,13.0,2002.0,2015
中古マンション等,佃,29000000.0,2734285.0,35.0,828571.0,平成3年,24.0,1991.0,2015
中古マンション等,佃,76000000.0,3582857.0,70.0,1085714.0,平成11年,16.0,1999.0,2015
中古マンション等,佃,110000000.0,3457142.0,105.0,1047619.0,平成11年,16.0,1999.0,2015
中古マンション等,佃,48000000.0,3167999.0,50.0,960000.0,平成18年,9.0,2006.0,2015
中古マンション等,佃,88000000.0,3630000.0,80.0,1100000.0,平成11年,16.0,1999.0,2015
中古マンション等,佃,120000000.0,4950000.0,80.0,1500000.0,平成11年,16.0,1999.0,2015
中古マンション等,佃,9800000.0,1293599.0,25.0,392000.0,昭和48年,42.0,1973.0,2015
中古マンション等,佃,20000000.0,3300000.0,20.0,1000000.0,平成16年,11.0,2004.0,2015
中古マンション等,佃,52000000.0,3119999.0,55.0,945454.0,平成23年,4.0,2011.0,2015
中古マンション等,佃,72000000.0,3394285.0,70.0,1028571.0,平成23年,4.0,2011.0,2015
中古マンション等,佃,35000000.0,2887500.0,40.0,875000.0,平成20年,7.0,2008.0,2015
中古マンション等,佃,39000000.0,2144999.0,60.0,650000.0,平成9年,18.0,1997.0,2015
中古マンション等,佃,120000000.0,3959999.0,100.0,1200000.0,平成17年,10.0,2005.0,2015
中古マンション等,佃,59000000.0,2995384.0,65.0,907692.0,平成16年,11.0,2004.0,2015
中古マンション等,佃,73000000.0,3211999.0,75.0,973333.0,平成16年,11.0,2004.0,2015
中古マンション等,佃,40000000.0,3300000.0,40.0,1000000.0,平成23年,4.0,2011.0,2015
中古マンション等,佃,86000000.0,3783999.0,75.0,1146666.0,平成11年,16.0,1999.0,2015
中古マンション等,佃,62000000.0,3147692.0,65.0,953846.0,平成16年,11.0,2004.0,2015
中古マンション等,佃,56000000.0,2463999.0,75.0,746666.0,平成3年,24.0,1991.0,2015
中古マンション等,佃,120000000.0,3771428.0,105.0,1142857.0,平成11年,16.0,1999.0,2015
中古マンション等,佃,68000000.0,3452307.0,65.0,1046153.0,平成11年,16.0,1999.0,2015
中古マンション等,佃,120000000.0,4950000.0,80.0,1500000.0,平成11年,16.0,1999.0,2015
中古マンション等,佃,38000000.0,3135000.0,40.0,950000.0,平成23年,4.0,2011.0,2015
中古マンション等,佃,19000000.0,3135000.0,20.0,950000.0,平成16年,11.0,2004.0,2015
中古マンション等,佃,25000000.0,4125000.0,20.0,1250000.0,平成16年,11.0,2004.0,2015
中古マンション等,佃,11000000.0,1451999.0,25.0,440000.0,昭和48年,42.0,1973.0,2015
中古マンション等,佃,46000000.0,2759999.0,55.0,836363.0,平成3年,24.0,1991.0,2015
中古マンション等,佃,22000000.0,3630000.0,20.0,1100000.0,平成18年,9.0,2006.0,2015
中古マンション等,佃,120000000.0,3443478.0,115.0,1043478.0,平成17年,10.0,2005.0,2015
中古マンション等,佃,12000000.0,1583999.0,25.0,480000.0,昭和48年,42.0,1973.0,2015
中古マンション等,佃,57000000.0,2893846.0,65.0,876923.0,平成16年,11.0,2004.0,2015
中古マンション等,佃,44000000.0,2639999.0,55.0,800000.0,平成13年,14.0,2001.0,2015
中古マンション等,佃,110000000.0,4270588.0,85.0,1294117.0,平成11年,16.0,1999.0,2015
中古マンション等,佃,110000000.0,4270588.0,85.0,1294117.0,平成11年,16.0,1999.0,2015
中古マンション等,佃,65000000.0,2859999.0,75.0,866666.0,平成14年,13.0,2002.0,2015
中古マンション等,佃,33000000.0,3111428.0,35.0,942857.0,平成16年,11.0,2004.0,2015
中古マンション等,佃,75000000.0,3807692.0,65.0,1153846.0,平成11年,16.0,1999.0,2015
中古マンション等,佃,78000000.0,3677142.0,70.0,1114285.0,平成11年,16.0,1999.0,2015
中古マンション等,佃,67000000.0,3684999.0,60.0,1116666.0,平成11年,16.0,1999.0,2015
中古マンション等,佃,46000000.0,2759999.0,55.0,836363.0,平成18年,9.0,2006.0,2015
中古マンション等,日本橋大伝馬町,58000000.0,3827999.0,50.0,1160000.0,平成25年,2.0,2013.0,2015
中古マンション等,日本橋大伝馬町,19000000.0,3135000.0,20.0,950000.0,平成16年,11.0,2004.0,2015
中古マンション等,日本橋大伝馬町,23000000.0,3035999.0,25.0,920000.0,平成14年,13.0,2002.0,2015
中古マンション等,日本橋大伝馬町,73000000.0,3441428.0,70.0,1042857.0,平成25年,2.0,2013.0,2015
中古マンション等,日本橋大伝馬町,66000000.0,2903999.0,75.0,880000.0,平成14年,13.0,2002.0,2015
中古マンション等,日本橋大伝馬町,69000000.0,3035999.0,75.0,920000.0,平成14年,13.0,2002.0,2015
中古マンション等,日本橋大伝馬町,22000000.0,2903999.0,25.0,880000.0,平成16年,11.0,2004.0,2015
中古マンション等,日本橋大伝馬町,18000000.0,2970000.0,20.0,900000.0,平成15年,12.0,2003.0,2015
中古マンション等,日本橋大伝馬町,16000000.0,2640000.0,20.0,800000.0,平成15年,12.0,2003.0,2015
中古マンション等,日本橋蛎殻町,18000000.0,2970000.0,20.0,900000.0,平成14年,13.0,2002.0,2015
中古マンション等,日本橋蛎殻町,44000000.0,3630000.0,40.0,1100000.0,平成27年,0.0,2015.0,2015
中古マンション等,日本橋蛎殻町,19000000.0,3135000.0,20.0,950000.0,平成14年,13.0,2002.0,2015
中古マンション等,日本橋蛎殻町,30000000.0,3299999.0,30.0,1000000.0,平成22年,5.0,2010.0,2015
中古マンション等,日本橋蛎殻町,19000000.0,3135000.0,20.0,950000.0,平成14年,13.0,2002.0,2015
中古マンション等,日本橋蛎殻町,18000000.0,2970000.0,20.0,900000.0,平成14年,13.0,2002.0,2015
中古マンション等,日本橋蛎殻町,15000000.0,2475000.0,20.0,750000.0,平成10年,17.0,1998.0,2015
中古マンション等,日本橋蛎殻町,55000000.0,3629999.0,50.0,1100000.0,平成24年,3.0,2012.0,2015
中古マンション等,日本橋蛎殻町,65000000.0,4289999.0,50.0,1300000.0,平成27年,0.0,2015.0,2015
中古マンション等,日本橋蛎殻町,29000000.0,2392500.0,40.0,725000.0,平成9年,18.0,1997.0,2015
中古マンション等,日本橋蛎殻町,13000000.0,2145000.0,20.0,650000.0,平成18年,9.0,2006.0,2015
中古マンション等,日本橋蛎殻町,22000000.0,3630000.0,20.0,1100000.0,平成18年,9.0,2006.0,2015
中古マンション等,日本橋蛎殻町,20000000.0,3300000.0,20.0,1000000.0,平成16年,11.0,2004.0,2015
中古マンション等,日本橋蛎殻町,19000000.0,3135000.0,20.0,950000.0,平成13年,14.0,2001.0,2015
中古マンション等,日本橋蛎殻町,56000000.0,3079999.0,60.0,933333.0,平成17年,10.0,2005.0,2015
中古マンション等,日本橋蛎殻町,33000000.0,2419999.0,45.0,733333.0,平成17年,10.0,2005.0,2015
中古マンション等,日本橋蛎殻町,15000000.0,1979999.0,25.0,600000.0,平成10年,17.0,1998.0,2015
中古マンション等,日本橋蛎殻町,22000000.0,3630000.0,20.0,1100000.0,平成16年,11.0,2004.0,2015
中古マンション等,日本橋蛎殻町,13000000.0,2859999.0,15.0,866666.0,平成11年,16.0,1999.0,2015
中古マンション等,日本橋蛎殻町,20000000.0,3300000.0,20.0,1000000.0,平成17年,10.0,2005.0,2015
中古マンション等,日本橋蛎殻町,23000000.0,5059999.0,15.0,1533333.0,平成16年,11.0,2004.0,2015
中古マンション等,日本橋蛎殻町,27000000.0,2969999.0,30.0,900000.0,平成22年,5.0,2010.0,2015
中古マンション等,日本橋蛎殻町,19000000.0,3135000.0,20.0,950000.0,平成10年,17.0,1998.0,2015
中古マンション等,日本橋蛎殻町,55000000.0,3299999.0,55.0,1000000.0,平成14年,13.0,2002.0,2015
中古マンション等,日本橋蛎殻町,13000000.0,1225714.0,35.0,371428.0,昭和53年,37.0,1978.0,2015
中古マンション等,日本橋蛎殻町,19000000.0,3135000.0,20.0,950000.0,平成14年,13.0,2002.0,2015
中古マンション等,日本橋蛎殻町,60000000.0,2828571.0,70.0,857142.0,平成14年,13.0,2002.0,2015
中古マンション等,日本橋蛎殻町,38000000.0,3135000.0,40.0,950000.0,平成24年,3.0,2012.0,2015
中古マンション等,日本橋蛎殻町,19000000.0,3135000.0,20.0,950000.0,平成18年,9.0,2006.0,2015
中古マンション等,日本橋蛎殻町,44000000.0,2233846.0,65.0,676923.0,平成14年,13.0,2002.0,2015
中古マンション等,日本橋蛎殻町,9000000.0,1979999.0,15.0,600000.0,昭和54年,36.0,1979.0,2015
中古マンション等,日本橋蛎殻町,11000000.0,2419999.0,15.0,733333.0,昭和54年,36.0,1979.0,2015
中古マンション等,日本橋兜町,9400000.0,2067999.0,15.0,626666.0,昭和55年,35.0,1980.0,2015
中古マンション等,日本橋兜町,28000000.0,2310000.0,40.0,700000.0,平成14年,13.0,2002.0,2015
中古マンション等,日本橋兜町,50000000.0,3299999.0,50.0,1000000.0,平成17年,10.0,2005.0,2015
中古マンション等,日本橋兜町,22000000.0,3630000.0,20.0,1100000.0,平成18年,9.0,2006.0,2015
中古マンション等,日本橋兜町,23000000.0,3795000.0,20.0,1150000.0,平成16年,11.0,2004.0,2015
中古マンション等,日本橋兜町,23000000.0,3035999.0,25.0,920000.0,平成15年,12.0,2003.0,2015
中古マンション等,日本橋兜町,20000000.0,3300000.0,20.0,1000000.0,平成18年,9.0,2006.0,2015
中古マンション等,日本橋兜町,19000000.0,3135000.0,20.0,950000.0,平成15年,12.0,2003.0,2015
中古マンション等,日本橋兜町,20000000.0,3300000.0,20.0,1000000.0,平成18年,9.0,2006.0,2015
中古マンション等,日本橋兜町,21000000.0,3465000.0,20.0,1050000.0,平成15年,12.0,2003.0,2015
中古マンション等,日本橋兜町,22000000.0,3630000.0,20.0,1100000.0,平成18年,9.0,2006.0,2015
中古マンション等,日本橋兜町,13000000.0,2859999.0,15.0,866666.0,昭和55年,35.0,1980.0,2015
中古マンション等,日本橋茅場町,22000000.0,3630000.0,20.0,1100000.0,平成18年,9.0,2006.0,2015
中古マンション等,日本橋茅場町,39000000.0,3217500.0,40.0,975000.0,平成20年,7.0,2008.0,2015
中古マンション等,日本橋茅場町,21000000.0,3465000.0,20.0,1050000.0,平成18年,9.0,2006.0,2015
中古マンション等,日本橋茅場町,51000000.0,3059999.0,55.0,927272.0,平成18年,9.0,2006.0,2015
中古マンション等,日本橋茅場町,23000000.0,2529999.0,30.0,766666.0,平成21年,6.0,2009.0,2015
中古マンション等,日本橋茅場町,13000000.0,1715999.0,25.0,520000.0,平成12年,15.0,2000.0,2015
中古マンション等,日本橋茅場町,19000000.0,3135000.0,20.0,950000.0,平成14年,13.0,2002.0,2015
中古マンション等,日本橋小網町,21000000.0,3465000.0,20.0,1050000.0,平成15年,12.0,2003.0,2015
中古マンション等,日本橋小網町,20000000.0,3300000.0,20.0,1000000.0,平成15年,12.0,2003.0,2015
中古マンション等,日本橋小網町,54000000.0,3239999.0,55.0,981818.0,平成15年,12.0,2003.0,2015
中古マンション等,日本橋小網町,48000000.0,3960000.0,40.0,1200000.0,平成27年,0.0,2015.0,2015
中古マンション等,日本橋小網町,48000000.0,3960000.0,40.0,1200000.0,平成27年,0.0,2015.0,2015
中古マンション等,日本橋小網町,47000000.0,3877500.0,40.0,1175000.0,平成27年,0.0,2015.0,2015
中古マンション等,日本橋小網町,50000000.0,4125000.0,40.0,1250000.0,平成27年,0.0,2015.0,2015
中古マンション等,日本橋小伝馬町,20000000.0,3300000.0,20.0,1000000.0,平成15年,12.0,2003.0,2015
中古マンション等,日本橋小伝馬町,17000000.0,2805000.0,20.0,850000.0,平成15年,12.0,2003.0,2015
中古マンション等,日本橋小伝馬町,33000000.0,2722500.0,40.0,825000.0,平成18年,9.0,2006.0,2015
中古マンション等,日本橋小伝馬町,49000000.0,3233999.0,50.0,980000.0,平成20年,7.0,2008.0,2015
中古マンション等,日本橋小伝馬町,14000000.0,2310000.0,20.0,700000.0,平成15年,12.0,2003.0,2015
中古マンション等,日本橋小伝馬町,15000000.0,2475000.0,20.0,750000.0,平成15年,12.0,2003.0,2015
中古マンション等,日本橋小伝馬町,22000000.0,3630000.0,20.0,1100000.0,平成14年,13.0,2002.0,2015
中古マンション等,日本橋小舟町,22000000.0,3630000.0,20.0,1100000.0,平成13年,14.0,2001.0,2015
中古マンション等,日本橋小舟町,40000000.0,2399999.0,55.0,727272.0,平成17年,10.0,2005.0,2015
中古マンション等,日本橋富沢町,17000000.0,2805000.0,20.0,850000.0,平成14年,13.0,2002.0,2015
中古マンション等,日本橋富沢町,16000000.0,2640000.0,20.0,800000.0,平成14年,13.0,2002.0,2015
中古マンション等,日本橋富沢町,21000000.0,3465000.0,20.0,1050000.0,平成14年,13.0,2002.0,2015
中古マンション等,日本橋富沢町,20000000.0,3300000.0,20.0,1000000.0,平成14年,13.0,2002.0,2015
中古マンション等,日本橋富沢町,19000000.0,3135000.0,20.0,950000.0,平成14年,13.0,2002.0,2015
中古マンション等,日本橋富沢町,35000000.0,3299999.0,35.0,1000000.0,平成21年,6.0,2009.0,2015
中古マンション等,日本橋富沢町,22000000.0,2419999.0,30.0,733333.0,平成11年,16.0,1999.0,2015
中古マンション等,日本橋中洲,12000000.0,879999.0,45.0,266666.0,昭和54年,36.0,1979.0,2015
中古マンション等,日本橋中洲,27000000.0,2227500.0,40.0,675000.0,平成14年,13.0,2002.0,2015
中古マンション等,日本橋中洲,27000000.0,2969999.0,30.0,900000.0,平成16年,11.0,2004.0,2015
中古マンション等,日本橋中洲,33000000.0,1979999.0,55.0,600000.0,昭和57年,33.0,1982.0,2015
中古マンション等,日本橋中洲,17000000.0,1246666.0,45.0,377777.0,昭和54年,36.0,1979.0,2015
中古マンション等,日本橋中洲,30000000.0,2199999.0,45.0,666666.0,昭和54年,36.0,1979.0,2015
中古マンション等,日本橋中洲,23000000.0,2529999.0,30.0,766666.0,平成16年,11.0,2004.0,2015
中古マンション等,日本橋人形町,65000000.0,3574999.0,60.0,1083333.0,平成19年,8.0,2007.0,2015
中古マンション等,日本橋人形町,42000000.0,2771999.0,50.0,840000.0,平成14年,13.0,2002.0,2015
中古マンション等,日本橋人形町,44000000.0,2903999.0,50.0,880000.0,平成17年,10.0,2005.0,2015
中古マンション等,日本橋人形町,73000000.0,3441428.0,70.0,1042857.0,平成14年,13.0,2002.0,2015
中古マンション等,日本橋人形町,27000000.0,2969999.0,30.0,900000.0,平成25年,2.0,2013.0,2015
中古マンション等,日本橋人形町,38000000.0,1791428.0,70.0,542857.0,平成5年,22.0,1993.0,2015
中古マンション等,日本橋人形町,20000000.0,4399999.0,15.0,1333333.0,平成10年,17.0,1998.0,2015
中古マンション等,日本橋人形町,35000000.0,1924999.0,60.0,583333.0,平成5年,22.0,1993.0,2015
中古マンション等,日本橋馬喰町,36000000.0,2970000.0,40.0,900000.0,平成24年,3.0,2012.0,2015
中古マンション等,日本橋馬喰町,20000000.0,3300000.0,20.0,1000000.0,平成15年,12.0,2003.0,2015
中古マンション等,日本橋馬喰町,21000000.0,2771999.0,25.0,840000.0,平成16年,11.0,2004.0,2015
中古マンション等,日本橋馬喰町,15000000.0,2475000.0,20.0,750000.0,平成16年,11.0,2004.0,2015
中古マンション等,日本橋馬喰町,17000000.0,2805000.0,20.0,850000.0,平成15年,12.0,2003.0,2015
中古マンション等,日本橋馬喰町,20000000.0,3300000.0,20.0,1000000.0,平成15年,12.0,2003.0,2015
中古マンション等,日本橋馬喰町,9000000.0,1485000.0,20.0,450000.0,昭和58年,32.0,1983.0,2015
中古マンション等,日本橋箱崎町,36000000.0,3394285.0,35.0,1028571.0,平成11年,16.0,1999.0,2015
中古マンション等,日本橋箱崎町,22000000.0,3630000.0,20.0,1100000.0,平成11年,16.0,1999.0,2015
中古マンション等,日本橋箱崎町,20000000.0,3300000.0,20.0,1000000.0,平成14年,13.0,2002.0,2015
中古マンション等,日本橋箱崎町,17000000.0,1869999.0,30.0,566666.0,昭和56年,34.0,1981.0,2015
中古マンション等,日本橋箱崎町,23000000.0,3795000.0,20.0,1150000.0,平成15年,12.0,2003.0,2015
中古マンション等,日本橋箱崎町,20000000.0,2639999.0,25.0,800000.0,平成11年,16.0,1999.0,2015
中古マンション等,日本橋箱崎町,36000000.0,3394285.0,35.0,1028571.0,平成10年,17.0,1998.0,2015
中古マンション等,日本橋箱崎町,150000000.0,4124999.0,120.0,1250000.0,昭和64年,26.0,1989.0,2015
中古マンション等,日本橋箱崎町,21000000.0,2771999.0,25.0,840000.0,平成11年,16.0,1999.0,2015
中古マンション等,日本橋箱崎町,16000000.0,1759999.0,30.0,533333.0,昭和56年,34.0,1981.0,2015
中古マンション等,日本橋箱崎町,10000000.0,2199999.0,15.0,666666.0,昭和60年,30.0,1985.0,2015
中古マンション等,日本橋箱崎町,20000000.0,3300000.0,20.0,1000000.0,平成14年,13.0,2002.0,2015
中古マンション等,日本橋箱崎町,31000000.0,2557500.0,40.0,775000.0,平成10年,17.0,1998.0,2015
中古マンション等,日本橋箱崎町,22000000.0,2903999.0,25.0,880000.0,平成14年,13.0,2002.0,2015
中古マンション等,日本橋箱崎町,24000000.0,1439999.0,55.0,436363.0,昭和57年,33.0,1982.0,2015
中古マンション等,日本橋箱崎町,150000000.0,4124999.0,120.0,1250000.0,昭和64年,26.0,1989.0,2015
中古マンション等,日本橋箱崎町,12000000.0,1980000.0,20.0,600000.0,平成15年,12.0,2003.0,2015
中古マンション等,日本橋箱崎町,25000000.0,3299999.0,25.0,1000000.0,平成26年,1.0,2014.0,2015
中古マンション等,日本橋箱崎町,19000000.0,3135000.0,20.0,950000.0,平成11年,16.0,1999.0,2015
中古マンション等,日本橋箱崎町,16000000.0,2640000.0,20.0,800000.0,平成13年,14.0,2001.0,2015
中古マンション等,日本橋箱崎町,19000000.0,3135000.0,20.0,950000.0,平成14年,13.0,2002.0,2015
中古マンション等,日本橋浜町,44000000.0,3226666.0,45.0,977777.0,平成17年,10.0,2005.0,2015
中古マンション等,日本橋浜町,20000000.0,3300000.0,20.0,1000000.0,平成16年,11.0,2004.0,2015
中古マンション等,日本橋浜町,23000000.0,3795000.0,20.0,1150000.0,平成16年,11.0,2004.0,2015
中古マンション等,日本橋浜町,50000000.0,4125000.0,40.0,1250000.0,平成17年,10.0,2005.0,2015
中古マンション等,日本橋浜町,87000000.0,3377647.0,85.0,1023529.0,平成10年,17.0,1998.0,2015
中古マンション等,日本橋浜町,19000000.0,3135000.0,20.0,950000.0,平成17年,10.0,2005.0,2015
中古マンション等,日本橋浜町,22000000.0,2903999.0,25.0,880000.0,平成16年,11.0,2004.0,2015
中古マンション等,日本橋浜町,22000000.0,3630000.0,20.0,1100000.0,平成16年,11.0,2004.0,2015
中古マンション等,日本橋浜町,60000000.0,3046153.0,65.0,923076.0,平成17年,10.0,2005.0,2015
中古マンション等,日本橋浜町,54000000.0,3563999.0,50.0,1080000.0,平成23年,4.0,2011.0,2015
中古マンション等,日本橋浜町,45000000.0,3712500.0,40.0,1125000.0,平成23年,4.0,2011.0,2015
中古マンション等,日本橋浜町,19000000.0,3135000.0,20.0,950000.0,平成13年,14.0,2001.0,2015
中古マンション等,日本橋浜町,23000000.0,1686666.0,45.0,511111.0,昭和59年,31.0,1984.0,2015
中古マンション等,日本橋浜町,29000000.0,2734285.0,35.0,828571.0,平成12年,15.0,2000.0,2015
中古マンション等,日本橋浜町,20000000.0,3300000.0,20.0,1000000.0,平成14年,13.0,2002.0,2015
中古マンション等,日本橋浜町,30000000.0,2475000.0,40.0,750000.0,平成14年,13.0,2002.0,2015
中古マンション等,日本橋浜町,22000000.0,3630000.0,20.0,1100000.0,平成14年,13.0,2002.0,2015
中古マンション等,日本橋浜町,28000000.0,3695999.0,25.0,1120000.0,平成27年,0.0,2015.0,2015
中古マンション等,日本橋浜町,12000000.0,1131428.0,35.0,342857.0,平成4年,23.0,1992.0,2015
中古マンション等,日本橋浜町,31000000.0,2557500.0,40.0,775000.0,平成20年,7.0,2008.0,2015
中古マンション等,日本橋浜町,62000000.0,3719999.0,55.0,1127272.0,平成19年,8.0,2007.0,2015
中古マンション等,日本橋浜町,19000000.0,3135000.0,20.0,950000.0,平成16年,11.0,2004.0,2015
中古マンション等,日本橋浜町,34000000.0,2805000.0,40.0,850000.0,平成15年,12.0,2003.0,2015
中古マンション等,日本橋浜町,26000000.0,3431999.0,25.0,1040000.0,平成27年,0.0,2015.0,2015
中古マンション等,日本橋浜町,39000000.0,3217500.0,40.0,975000.0,平成27年,0.0,2015.0,2015
中古マンション等,日本橋浜町,18000000.0,2970000.0,20.0,900000.0,平成13年,14.0,2001.0,2015
中古マンション等,日本橋浜町,19000000.0,3135000.0,20.0,950000.0,平成13年,14.0,2001.0,2015
中古マンション等,日本橋浜町,19000000.0,3135000.0,20.0,950000.0,平成13年,14.0,2001.0,2015
中古マンション等,日本橋浜町,21000000.0,3465000.0,20.0,1050000.0,平成16年,11.0,2004.0,2015
中古マンション等,日本橋浜町,68000000.0,2991999.0,75.0,906666.0,平成15年,12.0,2003.0,2015
中古マンション等,日本橋浜町,35000000.0,2566666.0,45.0,777777.0,平成15年,12.0,2003.0,2015
中古マンション等,日本橋浜町,42000000.0,3465000.0,40.0,1050000.0,平成25年,2.0,2013.0,2015
中古マンション等,日本橋浜町,23000000.0,1686666.0,45.0,511111.0,昭和49年,41.0,1974.0,2015
中古マンション等,日本橋浜町,21000000.0,3465000.0,20.0,1050000.0,平成16年,11.0,2004.0,2015
中古マンション等,日本橋浜町,51000000.0,3059999.0,55.0,927272.0,平成22年,5.0,2010.0,2015
中古マンション等,日本橋浜町,19000000.0,1791428.0,35.0,542857.0,平成10年,17.0,1998.0,2015
中古マンション等,日本橋浜町,12000000.0,2639999.0,15.0,800000.0,昭和59年,31.0,1984.0,2015
中古マンション等,日本橋浜町,23000000.0,1897500.0,40.0,575000.0,昭和49年,41.0,1974.0,2015
中古マンション等,日本橋浜町,40000000.0,2933333.0,45.0,888888.0,平成23年,4.0,2011.0,2015
中古マンション等,日本橋浜町,20000000.0,3300000.0,20.0,1000000.0,平成16年,11.0,2004.0,2015
中古マンション等,日本橋浜町,25000000.0,3299999.0,25.0,1000000.0,平成17年,10.0,2005.0,2015
中古マンション等,日本橋浜町,22000000.0,3630000.0,20.0,1100000.0,平成15年,12.0,2003.0,2015
中古マンション等,日本橋浜町,36000000.0,3394285.0,35.0,1028571.0,平成22年,5.0,2010.0,2015
中古マンション等,日本橋浜町,48000000.0,2879999.0,55.0,872727.0,平成23年,4.0,2011.0,2015
中古マンション等,日本橋浜町,56000000.0,2843076.0,65.0,861538.0,平成17年,10.0,2005.0,2015
中古マンション等,日本橋浜町,18000000.0,2970000.0,20.0,900000.0,平成12年,15.0,2000.0,2015
中古マンション等,日本橋浜町,52000000.0,2859999.0,60.0,866666.0,平成11年,16.0,1999.0,2015
中古マンション等,日本橋浜町,95000000.0,3918750.0,80.0,1187500.0,平成23年,4.0,2011.0,2015
中古マンション等,日本橋久松町,19000000.0,3135000.0,20.0,950000.0,平成15年,12.0,2003.0,2015
中古マンション等,日本橋久松町,49000000.0,2939999.0,55.0,890909.0,平成18年,9.0,2006.0,2015
中古マンション等,日本橋堀留町,50000000.0,2999999.0,55.0,909090.0,平成26年,1.0,2014.0,2015
中古マンション等,日本橋堀留町,24000000.0,1583999.0,50.0,480000.0,平成16年,11.0,2004.0,2015
中古マンション等,日本橋堀留町,21000000.0,3465000.0,20.0,1050000.0,平成16年,11.0,2004.0,2015
中古マンション等,日本橋堀留町,20000000.0,3300000.0,20.0,1000000.0,平成16年,11.0,2004.0,2015
中古マンション等,日本橋堀留町,20000000.0,4399999.0,15.0,1333333.0,平成16年,11.0,2004.0,2015
中古マンション等,日本橋堀留町,18000000.0,2970000.0,20.0,900000.0,平成14年,13.0,2002.0,2015
中古マンション等,日本橋堀留町,56000000.0,3359999.0,55.0,1018181.0,平成20年,7.0,2008.0,2015
中古マンション等,日本橋堀留町,20000000.0,3300000.0,20.0,1000000.0,平成14年,13.0,2002.0,2015
中古マンション等,日本橋堀留町,16000000.0,2640000.0,20.0,800000.0,平成14年,13.0,2002.0,2015
中古マンション等,日本橋堀留町,19000000.0,2507999.0,25.0,760000.0,平成14年,13.0,2002.0,2015
中古マンション等,日本橋堀留町,60000000.0,3046153.0,65.0,923076.0,平成14年,13.0,2002.0,2015
中古マンション等,日本橋堀留町,22000000.0,2903999.0,25.0,880000.0,平成14年,13.0,2002.0,2015
中古マンション等,日本橋堀留町,18000000.0,2375999.0,25.0,720000.0,平成14年,13.0,2002.0,2015
中古マンション等,日本橋堀留町,11000000.0,1037142.0,35.0,314285.0,昭和55年,35.0,1980.0,2015
中古マンション等,日本橋本町,52000000.0,3431999.0,50.0,1040000.0,平成17年,10.0,2005.0,2015
中古マンション等,日本橋本町,20000000.0,3300000.0,20.0,1000000.0,平成16年,11.0,2004.0,2015
中古マンション等,日本橋本町,56000000.0,3079999.0,60.0,933333.0,平成16年,11.0,2004.0,2015
中古マンション等,日本橋本町,36000000.0,3394285.0,35.0,1028571.0,平成17年,10.0,2005.0,2015
中古マンション等,日本橋本町,46000000.0,3373333.0,45.0,1022222.0,平成17年,10.0,2005.0,2015
中古マンション等,八丁堀,21000000.0,3465000.0,20.0,1050000.0,平成17年,10.0,2005.0,2015
中古マンション等,八丁堀,24000000.0,3167999.0,25.0,960000.0,平成15年,12.0,2003.0,2015
中古マンション等,八丁堀,39000000.0,3217500.0,40.0,975000.0,平成16年,11.0,2004.0,2015
中古マンション等,八丁堀,38000000.0,3582857.0,35.0,1085714.0,平成19年,8.0,2007.0,2015
中古マンション等,八丁堀,40000000.0,3771428.0,35.0,1142857.0,平成17年,10.0,2005.0,2015
中古マンション等,八丁堀,53000000.0,2914999.0,60.0,883333.0,平成14年,13.0,2002.0,2015
中古マンション等,八丁堀,50000000.0,3299999.0,50.0,1000000.0,平成12年,15.0,2000.0,2015
中古マンション等,八丁堀,39000000.0,2859999.0,45.0,866666.0,平成25年,2.0,2013.0,2015
中古マンション等,八丁堀,54000000.0,3239999.0,55.0,981818.0,平成12年,15.0,2000.0,2015
中古マンション等,八丁堀,15000000.0,1979999.0,25.0,600000.0,昭和58年,32.0,1983.0,2015
中古マンション等,八丁堀,33000000.0,2419999.0,45.0,733333.0,昭和58年,32.0,1983.0,2015
中古マンション等,八丁堀,22000000.0,3630000.0,20.0,1100000.0,平成17年,10.0,2005.0,2015
中古マンション等,八丁堀,40000000.0,3771428.0,35.0,1142857.0,平成19年,8.0,2007.0,2015
中古マンション等,八丁堀,32000000.0,3017142.0,35.0,914285.0,平成17年,10.0,2005.0,2015
中古マンション等,八丁堀,27000000.0,2227500.0,40.0,675000.0,平成17年,10.0,2005.0,2015
中古マンション等,晴海,79000000.0,2896666.0,90.0,877777.0,平成21年,6.0,2009.0,2015
中古マンション等,晴海,72000000.0,3167999.0,75.0,960000.0,平成25年,2.0,2013.0,2015
中古マンション等,晴海,41000000.0,2254999.0,60.0,683333.0,昭和58年,32.0,1983.0,2015
中古マンション等,晴海,83000000.0,3912857.0,70.0,1185714.0,平成27年,0.0,2015.0,2015
中古マンション等,晴海,82000000.0,3865714.0,70.0,1171428.0,平成27年,0.0,2015.0,2015
中古マンション等,晴海,60000000.0,3599999.0,55.0,1090909.0,平成27年,0.0,2015.0,2015
中古マンション等,晴海,60000000.0,3599999.0,55.0,1090909.0,平成27年,0.0,2015.0,2015
中古マンション等,晴海,85000000.0,4007142.0,70.0,1214285.0,平成27年,0.0,2015.0,2015
中古マンション等,晴海,110000000.0,4270588.0,85.0,1294117.0,平成27年,0.0,2015.0,2015
中古マンション等,晴海,79000000.0,3724285.0,70.0,1128571.0,平成27年,0.0,2015.0,2015
中古マンション等,晴海,68000000.0,4079999.0,55.0,1236363.0,平成27年,0.0,2015.0,2015
中古マンション等,晴海,88000000.0,4148571.0,70.0,1257142.0,平成27年,0.0,2015.0,2015
中古マンション等,晴海,70000000.0,3299999.0,70.0,1000000.0,平成27年,0.0,2015.0,2015
中古マンション等,晴海,110000000.0,4270588.0,85.0,1294117.0,平成27年,0.0,2015.0,2015
中古マンション等,晴海,110000000.0,5185714.0,70.0,1571428.0,平成27年,0.0,2015.0,2015
中古マンション等,晴海,76000000.0,3858461.0,65.0,1169230.0,平成27年,0.0,2015.0,2015
中古マンション等,晴海,82000000.0,3865714.0,70.0,1171428.0,平成25年,2.0,2013.0,2015
中古マンション等,晴海,63000000.0,2598750.0,80.0,787500.0,平成10年,17.0,1998.0,2015
中古マンション等,晴海,49000000.0,2939999.0,55.0,890909.0,平成21年,6.0,2009.0,2015
中古マンション等,晴海,33000000.0,3111428.0,35.0,942857.0,平成21年,6.0,2009.0,2015
中古マンション等,晴海,52000000.0,3119999.0,55.0,945454.0,平成21年,6.0,2009.0,2015
中古マンション等,晴海,80000000.0,2933333.0,90.0,888888.0,平成10年,17.0,1998.0,2015
中古マンション等,晴海,57000000.0,2893846.0,65.0,876923.0,平成21年,6.0,2009.0,2015
中古マンション等,晴海,70000000.0,2566666.0,90.0,777777.0,平成10年,17.0,1998.0,2015
中古マンション等,晴海,50000000.0,2999999.0,55.0,909090.0,平成21年,6.0,2009.0,2015
中古マンション等,晴海,88000000.0,4148571.0,70.0,1257142.0,平成27年,0.0,2015.0,2015
中古マンション等,晴海,76000000.0,4179999.0,60.0,1266666.0,平成27年,0.0,2015.0,2015
中古マンション等,晴海,85000000.0,4007142.0,70.0,1214285.0,平成27年,0.0,2015.0,2015
中古マンション等,晴海,76000000.0,4179999.0,60.0,1266666.0,平成27年,0.0,2015.0,2015
中古マンション等,晴海,76000000.0,3582857.0,70.0,1085714.0,平成27年,0.0,2015.0,2015
中古マンション等,晴海,70000000.0,4199999.0,55.0,1272727.0,平成27年,0.0,2015.0,2015
中古マンション等,晴海,66000000.0,4839999.0,45.0,1466666.0,平成27年,0.0,2015.0,2015
中古マンション等,晴海,75000000.0,2749999.0,90.0,833333.0,平成10年,17.0,1998.0,2015
中古マンション等,晴海,33000000.0,2177999.0,50.0,660000.0,昭和58年,32.0,1983.0,2015
中古マンション等,晴海,63000000.0,3464999.0,60.0,1050000.0,平成25年,2.0,2013.0,2015
中古マンション等,晴海,60000000.0,2828571.0,70.0,857142.0,平成21年,6.0,2009.0,2015
中古マンション等,晴海,70000000.0,3553846.0,65.0,1076923.0,平成27年,0.0,2015.0,2015
中古マンション等,晴海,75000000.0,3535714.0,70.0,1071428.0,平成27年,0.0,2015.0,2015
中古マンション等,晴海,83000000.0,3912857.0,70.0,1185714.0,平成27年,0.0,2015.0,2015
中古マンション等,晴海,88000000.0,4148571.0,70.0,1257142.0,平成27年,0.0,2015.0,2015
中古マンション等,晴海,65000000.0,3899999.0,55.0,1181818.0,平成27年,0.0,2015.0,2015
中古マンション等,晴海,73000000.0,4014999.0,60.0,1216666.0,平成27年,0.0,2015.0,2015
中古マンション等,晴海,65000000.0,3899999.0,55.0,1181818.0,平成27年,0.0,2015.0,2015
中古マンション等,晴海,76000000.0,3582857.0,70.0,1085714.0,平成27年,0.0,2015.0,2015
中古マンション等,晴海,78000000.0,3677142.0,70.0,1114285.0,平成27年,0.0,2015.0,2015
中古マンション等,晴海,62000000.0,2922857.0,70.0,885714.0,平成10年,17.0,1998.0,2015
中古マンション等,晴海,45000000.0,3712500.0,40.0,1125000.0,平成21年,6.0,2009.0,2015
中古マンション等,晴海,44000000.0,2639999.0,55.0,800000.0,平成21年,6.0,2009.0,2015
中古マンション等,晴海,67000000.0,2456666.0,90.0,744444.0,平成10年,17.0,1998.0,2015
中古マンション等,晴海,52000000.0,2451428.0,70.0,742857.0,平成21年,6.0,2009.0,2015
中古マンション等,晴海,39000000.0,2573999.0,50.0,780000.0,昭和58年,32.0,1983.0,2015
中古マンション等,晴海,69000000.0,3252857.0,70.0,985714.0,平成27年,0.0,2015.0,2015
中古マンション等,晴海,81000000.0,4859999.0,55.0,1472727.0,平成27年,0.0,2015.0,2015
中古マンション等,晴海,69000000.0,3252857.0,70.0,985714.0,平成27年,0.0,2015.0,2015
中古マンション等,晴海,90000000.0,4242857.0,70.0,1285714.0,平成27年,0.0,2015.0,2015
中古マンション等,晴海,78000000.0,3677142.0,70.0,1114285.0,平成27年,0.0,2015.0,2015
中古マンション等,晴海,100000000.0,4125000.0,80.0,1250000.0,平成27年,0.0,2015.0,2015
中古マンション等,晴海,78000000.0,3677142.0,70.0,1114285.0,平成27年,0.0,2015.0,2015
中古マンション等,晴海,74000000.0,3488571.0,70.0,1057142.0,平成27年,0.0,2015.0,2015
中古マンション等,晴海,60000000.0,3599999.0,55.0,1090909.0,平成27年,0.0,2015.0,2015
中古マンション等,晴海,82000000.0,3865714.0,70.0,1171428.0,平成27年,0.0,2015.0,2015
中古マンション等,晴海,120000000.0,3959999.0,100.0,1200000.0,平成27年,0.0,2015.0,2015
中古マンション等,晴海,100000000.0,4714285.0,70.0,1428571.0,平成27年,0.0,2015.0,2015
中古マンション等,晴海,69000000.0,3252857.0,70.0,985714.0,平成27年,0.0,2015.0,2015
中古マンション等,晴海,64000000.0,3839999.0,55.0,1163636.0,平成27年,0.0,2015.0,2015
中古マンション等,晴海,75000000.0,3535714.0,70.0,1071428.0,平成27年,0.0,2015.0,2015
中古マンション等,東日本橋,19000000.0,2507999.0,25.0,760000.0,平成16年,11.0,2004.0,2015
中古マンション等,東日本橋,19000000.0,3135000.0,20.0,950000.0,平成15年,12.0,2003.0,2015
中古マンション等,東日本橋,19000000.0,2507999.0,25.0,760000.0,平成15年,12.0,2003.0,2015
中古マンション等,東日本橋,42000000.0,3465000.0,40.0,1050000.0,平成19年,8.0,2007.0,2015
中古マンション等,東日本橋,22000000.0,3630000.0,20.0,1100000.0,平成16年,11.0,2004.0,2015
中古マンション等,東日本橋,34000000.0,2805000.0,40.0,850000.0,平成21年,6.0,2009.0,2015
中古マンション等,東日本橋,71000000.0,3347142.0,70.0,1014285.0,平成19年,8.0,2007.0,2015
中古マンション等,東日本橋,50000000.0,2749999.0,60.0,833333.0,平成17年,10.0,2005.0,2015
中古マンション等,東日本橋,21000000.0,2771999.0,25.0,840000.0,平成16年,11.0,2004.0,2015
中古マンション等,東日本橋,29000000.0,3189999.0,30.0,966666.0,平成15年,12.0,2003.0,2015
中古マンション等,東日本橋,46000000.0,2759999.0,55.0,836363.0,平成15年,12.0,2003.0,2015
中古マンション等,東日本橋,14000000.0,3079999.0,15.0,933333.0,平成9年,18.0,1997.0,2015
中古マンション等,東日本橋,22000000.0,2419999.0,30.0,733333.0,平成15年,12.0,2003.0,2015
中古マンション等,東日本橋,19000000.0,3135000.0,20.0,950000.0,平成15年,12.0,2003.0,2015
中古マンション等,東日本橋,19000000.0,3135000.0,20.0,950000.0,平成15年,12.0,2003.0,2015
中古マンション等,東日本橋,19000000.0,3135000.0,20.0,950000.0,平成13年,14.0,2001.0,2015
中古マンション等,東日本橋,45000000.0,2699999.0,55.0,818181.0,平成10年,17.0,1998.0,2015
中古マンション等,東日本橋,22000000.0,3630000.0,20.0,1100000.0,平成16年,11.0,2004.0,2015
中古マンション等,東日本橋,18000000.0,2970000.0,20.0,900000.0,平成11年,16.0,1999.0,2015
中古マンション等,東日本橋,64000000.0,3839999.0,55.0,1163636.0,平成24年,3.0,2012.0,2015
中古マンション等,東日本橋,40000000.0,2639999.0,50.0,800000.0,平成17年,10.0,2005.0,2015
中古マンション等,東日本橋,19000000.0,3135000.0,20.0,950000.0,平成17年,10.0,2005.0,2015
中古マンション等,東日本橋,18000000.0,2970000.0,20.0,900000.0,平成16年,11.0,2004.0,2015
中古マンション等,東日本橋,11000000.0,2419999.0,15.0,733333.0,平成9年,18.0,1997.0,2015
中古マンション等,東日本橋,47000000.0,3101999.0,50.0,940000.0,平成23年,4.0,2011.0,2015
中古マンション等,東日本橋,20000000.0,4399999.0,15.0,1333333.0,平成16年,11.0,2004.0,2015
中古マンション等,東日本橋,19000000.0,3135000.0,20.0,950000.0,平成16年,11.0,2004.0,2015
中古マンション等,東日本橋,37000000.0,2713333.0,45.0,822222.0,平成18年,9.0,2006.0,2015
中古マンション等,東日本橋,28000000.0,2639999.0,35.0,800000.0,平成16年,11.0,2004.0,2015
中古マンション等,東日本橋,16000000.0,2640000.0,20.0,800000.0,平成17年,10.0,2005.0,2015
中古マンション等,湊,49000000.0,2939999.0,55.0,890909.0,平成17年,10.0,2005.0,2015
中古マンション等,湊,20000000.0,3300000.0,20.0,1000000.0,平成17年,10.0,2005.0,2015
中古マンション等,湊,37000000.0,3052500.0,40.0,925000.0,平成17年,10.0,2005.0,2015
中古マンション等,湊,40000000.0,2399999.0,55.0,727272.0,平成17年,10.0,2005.0,2015
中古マンション等,湊,60000000.0,2828571.0,70.0,857142.0,平成17年,10.0,2005.0,2015
中古マンション等,湊,38000000.0,2786666.0,45.0,844444.0,平成17年,10.0,2005.0,2015
中古マンション等,湊,52000000.0,2451428.0,70.0,742857.0,平成17年,10.0,2005.0,2015
中古マンション等,湊,50000000.0,2999999.0,55.0,909090.0,平成13年,14.0,2001.0,2015
中古マンション等,湊,22000000.0,2903999.0,25.0,880000.0,平成16年,11.0,2004.0,2015
中古マンション等,湊,48000000.0,2639999.0,60.0,800000.0,平成11年,16.0,1999.0,2015
中古マンション等,湊,21000000.0,3465000.0,20.0,1050000.0,平成15年,12.0,2003.0,2015
中古マンション等,湊,39000000.0,2339999.0,55.0,709090.0,平成17年,10.0,2005.0,2015
中古マンション等,湊,22000000.0,3630000.0,20.0,1100000.0,平成15年,12.0,2003.0,2015
中古マンション等,湊,23000000.0,3795000.0,20.0,1150000.0,平成18年,9.0,2006.0,2015
中古マンション等,湊,41000000.0,2705999.0,50.0,820000.0,平成9年,18.0,1997.0,2015
中古マンション等,湊,41000000.0,3865714.0,35.0,1171428.0,平成26年,1.0,2014.0,2015
中古マンション等,湊,35000000.0,2309999.0,50.0,700000.0,昭和60年,30.0,1985.0,2015
中古マンション等,湊,40000000.0,3771428.0,35.0,1142857.0,平成26年,1.0,2014.0,2015
中古マンション等,湊,33000000.0,2419999.0,45.0,733333.0,昭和60年,30.0,1985.0,2015
,,,,,,,,,
